<Interlink id="svkpkLink">
  <MetaData>
    <Label></Label>
    <Description></Description>
    <Modified>2020-02-28T11:07:21.768Z</Modified>
  </MetaData>
  <SourceDataset dataSource="jenaReos" var="a" typeUri="http://schema.org/Place">
    <RestrictTo> </RestrictTo>
  </SourceDataset>
  <TargetDataset dataSource="ruian" var="b" typeUri="https://linked.cuzk.cz/ontology/ruian/TypPrvku/OB">
    <RestrictTo> </RestrictTo>
  </TargetDataset>
  <LinkageRule linkType="&lt;http://www.w3.org/2002/07/owl#sameAs&gt;">
    <Compare id="levenshteinDistance1" required="false" weight="1" metric="levenshteinDistance" threshold="2.0" indexing="true">
      <Input id="sourcePath1" path="/&lt;http://schema.org/name&gt;"/>
      <Input id="targetPath" path="/&lt;http://schema.org/name&gt;"/>
      <Param name="minChar" xml:space="preserve"><![CDATA[0]]></Param>
      <Param name="maxChar" xml:space="preserve"><![CDATA[z]]></Param>
    </Compare>
    <Filter/>
  </LinkageRule>
  <Outputs>
    <Output id="jenaReosOut"></Output>
  </Outputs>
</Interlink>
